AdultWeekend,LongestRun_mi,Name,NightSkiing_ac,Region,Runs,SkiableTerrain_ac,Snow Making_ac,TerrainParks,averageSnowfall,base_elev,daysOpenLastYear,double,fastQuads,fastSixes,projectedDaysOpen,quad,state,summit_elev,surface,total_chairs,trams,triple,vertical_drop,yearsOpen
85.0,1.0,Alyeska Resort,550.0,Alaska,76.0,1610.0,113.0,2.0,669.0,250,150.0,0,2,0,150.0,2,Alaska,3939,2,7,1,0,2500,60.0
53.0,2.0,Eaglecrest Ski Area,,Alaska,36.0,640.0,60.0,1.0,350.0,1200,45.0,4,0,0,90.0,0,Alaska,2600,0,4,0,0,1540,44.0
34.0,1.0,Hilltop Ski Area,30.0,Alaska,13.0,30.0,30.0,1.0,69.0,1796,150.0,0,0,0,152.0,0,Alaska,2090,2,3,0,1,294,36.0
89.0,2.0,Arizona Snowbowl,,Arizona,55.0,777.0,104.0,4.0,260.0,9200,122.0,1,0,1,122.0,2,Arizona,11500,2,8,0,2,2300,81.0
78.0,1.2,Sunrise Park Resort,80.0,Arizona,65.0,800.0,80.0,2.0,250.0,9200,115.0,1,1,0,104.0,2,Arizona,11100,0,7,0,3,1800,49.0
47.0,0.4,Yosemite Ski & Snowboard Area,,Northern California,10.0,88.0,,2.0,300.0,7200,110.0,3,0,0,107.0,0,California,7800,1,5,0,1,600,84.0
78.0,2.0,Dodge Ridge,,Sierra Nevada,67.0,862.0,,5.0,350.0,6600,,5,0,0,140.0,1,California,8200,4,12,0,2,1600,69.0
75.0,1.5,Donner Ski Ranch,,Sierra Nevada,52.0,505.0,60.0,2.0,400.0,7031,163.0,5,0,0,170.0,0,California,8012,2,8,0,1,750,82.0
159.0,3.0,Mammoth Mountain Ski Area,,Sierra Nevada,154.0,3500.0,700.0,7.0,400.0,7953,243.0,4,9,2,,1,California,11053,0,25,3,6,3100,66.0
59.0,1.1,Mt. Shasta Ski Park,,Sierra Nevada,32.0,425.0,225.0,2.0,300.0,5500,140.0,0,0,0,130.0,0,California,6890,1,4,0,3,1435,34.0
84.0,1.6,Mountain High,73.0,Sierra Nevada,59.0,290.0,275.0,1.0,108.0,6600,118.0,5,2,0,150.0,2,California,8200,3,14,0,2,1600,95.0
69.0,2.5,Mt. Baldy,,Sierra Nevada,26.0,400.0,80.0,,178.0,6500,175.0,4,0,0,200.0,0,California,8600,0,4,0,0,2100,67.0
83.0,2.2,Ski China Peak,,Sierra Nevada,45.0,1400.0,150.0,1.0,300.0,7030,140.0,2,0,0,144.0,1,California,8709,4,11,0,4,1679,62.0
79.0,1.2,Snow Valley,164.0,Sierra Nevada,28.0,240.0,188.0,6.0,160.0,6800,111.0,6,0,0,143.0,0,California,7841,1,12,0,5,1041,82.0
50.0,0.4,Soda Springs,,Sierra Nevada,18.0,200.0,20.0,,400.0,6700,150.0,1,0,0,144.0,0,California,7352,2,4,0,1,652,83.0
125.0,3.0,Sugar Bowl Resort,,Sierra Nevada,105.0,1650.0,375.0,3.0,500.0,6883,151.0,0,5,0,150.0,3,California,8383,2,12,1,1,1500,80.0
69.0,1.0,Tahoe Donner,,Sierra Nevada,14.0,120.0,,2.0,400.0,6750,150.0,0,0,0,144.0,1,California,7350,3,5,0,1,600,48.0
85.0,1.5,Arapahoe Basin Ski Area,,Colorado,145.0,1428.0,125.0,3.0,350.0,10780,230.0,2,1,0,233.0,2,Colorado,13050,3,9,0,1,2530,73.0
179.0,5.3,Aspen / Snowmass,,Colorado,336.0,5517.0,658.0,10.0,300.0,8104,138.0,5,15,1,138.0,4,Colorado,12510,9,40,3,3,4406,72.0
158.0,1.7,Copper Mountain Resort,,Colorado,150.0,2527.0,364.0,6.0,300.0,9712,164.0,4,4,2,164.0,0,Colorado,12313,9,24,1,4,2738,47.0
89.0,1.3,Purgatory,,Colorado,101.0,1605.0,250.0,9.0,260.0,8793,130.0,3,2,1,130.0,0,Colorado,10822,3,12,0,3,2029,54.0
25.0,6.0,Howelsen Hill,10.0,Colorado,17.0,50.0,25.0,1.0,150.0,6696,100.0,1,0,0,100.0,0,Colorado,7136,3,4,0,0,440,104.0
79.0,2.0,Loveland,,Colorado,94.0,1800.0,240.0,1.0,422.0,10800,205.0,2,1,0,184.0,3,Colorado,13010,1,10,0,3,2210,82.0
89.0,1.0,Monarch Mountain,,Colorado,64.0,800.0,,2.0,350.0,10790,143.0,4,0,0,136.0,1,Colorado,11952,2,7,0,0,1162,80.0
71.0,1.5,Powderhorn,,Colorado,42.0,1600.0,42.0,2.0,250.0,8200,111.0,2,1,0,110.0,0,Colorado,9850,2,5,0,0,1650,53.0
79.0,1.5,Silverton Mountain,,Colorado,,1819.0,,,400.0,10400,175.0,1,0,0,181.0,0,Colorado,13487,0,1,0,0,3087,17.0
56.0,1.0,Cooper,,Colorado,41.0,400.0,,1.0,260.0,10500,130.0,1,0,0,130.0,0,Colorado,11700,2,4,0,1,1200,74.0
84.0,0.6,Ski Granby Ranch,100.0,Colorado,40.0,406.0,170.0,1.0,220.0,8202,116.0,1,2,0,92.0,0,Colorado,9202,1,5,0,1,1000,36.0
65.0,2.5,Sunlight Mountain Resort,,Colorado,67.0,680.0,30.0,1.0,250.0,7885,100.0,2,0,0,135.0,0,Colorado,9895,0,3,0,1,2010,53.0
139.0,4.6,Telluride,,Colorado,148.0,2000.0,220.0,3.0,280.0,8725,131.0,2,6,0,137.0,1,Colorado,13150,4,17,2,2,4425,47.0
72.0,2.0,Wolf Creek Ski Area,,Colorado,120.0,1600.0,5.0,,430.0,10300,130.0,1,3,0,150.0,1,Colorado,11904,3,10,0,2,1604,80.0
65.0,1.5,Mohawk Mountain,64.0,Connecticut,25.0,107.0,100.0,,92.0,950,,0,0,0,110.0,0,Connecticut,1600,3,8,0,5,650,72.0
60.0,0.3,Mount Southington Ski Area,51.0,Connecticut,14.0,51.0,51.0,2.0,80.0,100,63.0,2,0,0,95.0,0,Connecticut,525,3,7,0,2,425,55.0
55.0,0.5,Powder Ridge Park,40.0,Connecticut,19.0,80.0,68.0,4.0,80.0,170,80.0,2,0,0,100.0,0,Connecticut,720,2,5,0,1,550,60.0
62.0,1.0,Ski Sundown,66.0,Connecticut,16.0,70.0,70.0,2.0,45.0,450,84.0,0,0,0,95.0,0,Connecticut,1075,2,5,0,3,625,50.0
42.0,0.2,Woodbury Ski Area,35.0,Connecticut,12.0,50.0,50.0,2.0,70.0,430,126.0,1,0,0,180.0,0,Connecticut,730,4,5,0,0,300,57.0
64.0,1.5,Bogus Basin,165.0,Idaho,91.0,2600.0,,3.0,250.0,5800,134.0,3,3,0,130.0,0,Idaho,7582,4,11,0,1,1800,77.0
70.0,3.2,Brundage Mountain Resort,,Idaho,51.0,1920.0,2.0,2.0,320.0,5840,126.0,0,1,0,,0,Idaho,7640,1,6,0,4,1800,58.0
42.0,1.3,Kelly Canyon Ski Area,,Idaho,51.0,740.0,,1.0,200.0,5600,,4,0,0,,0,Idaho,6600,2,6,0,0,1000,62.0
47.0,1.5,Lookout Pass Ski Area,,Idaho,35.0,540.0,,2.0,400.0,4500,113.0,3,0,0,140.0,0,Idaho,5650,0,4,0,1,1150,84.0
32.0,1.5,Magic Mountain Ski Area,,Idaho,11.0,280.0,,,180.0,6500,65.0,1,0,0,70.0,0,Idaho,7200,2,3,0,0,700,81.0
47.0,1.3,Pebble Creek Ski Area,30.0,Idaho,54.0,1100.0,30.0,2.0,250.0,6360,85.0,0,0,0,91.0,0,Idaho,8560,0,3,0,3,2200,70.0
81.0,2.1,Schweitzer,100.0,Idaho,92.0,2900.0,47.0,3.0,300.0,4000,136.0,3,2,1,,0,Idaho,6400,2,9,0,1,2400,56.0
62.0,2.5,Silver Mountain,20.0,Idaho,80.0,1600.0,225.0,2.0,300.0,4100,130.0,2,0,0,193.0,1,Idaho,6300,1,7,1,2,2200,29.0
43.0,0.4,Soldier Mountain Ski Area,,Idaho,36.0,1142.0,,,,5800,60.0,2,0,0,,0,Idaho,7200,1,3,0,0,1400,71.0
71.0,1.5,Tamarack Resort,,Idaho,48.0,1020.0,200.0,3.0,300.0,4900,,0,2,0,150.0,2,Idaho,7700,2,6,0,0,2800,15.0
55.0,0.2,Chestnut Mountain Resort,139.0,Illinois,22.0,139.0,139.0,3.0,50.0,565,87.0,0,0,0,112.0,2,Illinois,1040,3,9,0,4,475,60.0
35.0,0.8,Ski Snowstar Winter Sports Park,28.0,Illinois,15.0,28.0,28.0,1.0,38.0,528,56.0,2,0,0,86.0,2,Illinois,790,2,6,0,0,262,38.0
40.0,0.1,Villa Olivia,15.0,Illinois,7.0,15.0,15.0,1.0,25.0,320,,0,0,0,70.0,1,Illinois,500,6,7,0,0,180,53.0
45.0,0.4,Paoli Peaks,65.0,Indiana,15.0,65.0,65.0,2.0,18.0,600,75.0,1,1,0,80.0,1,Indiana,900,2,8,0,3,300,41.0
52.0,1.0,Perfect North Slopes,100.0,Indiana,23.0,100.0,100.0,2.0,24.0,400,82.0,0,0,0,90.0,2,Indiana,800,6,11,0,3,400,39.0
39.0,0.2,Mt. Crescent Ski Area,50.0,Iowa,11.0,50.0,50.0,1.0,30.0,1200,,1,0,0,,1,Iowa,1500,0,2,0,0,300,58.0
40.0,1.0,Seven Oaks,35.0,Iowa,11.0,35.0,35.0,2.0,40.0,800,100.0,0,0,0,100.0,0,Iowa,975,2,4,0,2,275,22.0
46.0,0.6,Sundown Mountain,55.0,Iowa,21.0,55.0,55.0,2.0,45.0,584,,2,0,0,,1,Iowa,1059,2,6,0,1,475,46.0
30.0,0.8,Big Squaw Mountain Ski Resort,,Maine,29.0,,,,,1750,67.0,0,0,0,58.0,0,Maine,3200,0,1,0,1,660,6.0
43.0,1.0,Camden Snow Bowl,48.0,Maine,26.0,100.0,48.0,2.0,69.0,150,68.0,1,0,0,70.0,0,Maine,1080,1,3,0,1,850,83.0
55.0,0.3,Lost Valley,45.0,Maine,22.0,45.0,45.0,2.0,50.0,255,87.0,2,0,0,104.0,0,Maine,495,2,4,0,0,240,58.0
49.0,0.5,Mt. Abram Ski Resort,,Maine,54.0,640.0,175.0,1.0,125.0,1050,120.0,2,0,0,120.0,0,Maine,2250,3,5,0,0,1150,59.0
32.0,1.9,New Hermon Mountain,45.0,Maine,20.0,70.0,70.0,,90.0,100,102.0,1,0,0,117.0,0,Maine,450,2,3,0,0,350,55.0
75.0,0.8,Shawnee Peak,110.0,Maine,43.0,239.0,234.0,3.0,110.0,600,97.0,1,0,0,103.0,1,Maine,1900,2,6,0,2,1350,81.0
99.0,3.5,Sugarloaf,,Maine,162.0,1240.0,618.0,4.0,200.0,1417,159.0,5,2,0,155.0,3,Maine,4237,2,13,0,1,2820,68.0
105.0,3.0,Sunday River,140.0,Maine,135.0,870.0,552.0,5.0,167.0,800,165.0,1,4,0,169.0,5,Maine,3140,1,15,1,3,2340,60.0
79.0,1.5,Wisp,118.0,Maryland,34.0,172.0,118.0,3.0,100.0,2415,121.0,0,0,0,120.0,2,Maryland,3115,5,12,0,5,700,64.0
68.0,2.0,Berkshire East,80.0,Massachusetts,47.0,180.0,165.0,2.0,120.0,540,120.0,1,0,0,120.0,2,Massachusetts,1720,2,6,0,1,1180,68.0
45.0,0.5,Blandford Ski Area,70.0,Massachusetts,29.0,132.0,70.0,2.0,50.0,1035,,3,0,0,,0,Massachusetts,1685,2,5,0,0,465,83.0
45.0,,Blue Hills Ski Area,,Massachusetts,16.0,60.0,60.0,1.0,,326,,1,0,0,,0,Massachusetts,635,3,4,0,0,309,19.0
49.0,1.0,Bousquet Ski Area,100.0,Massachusetts,23.0,200.0,98.0,1.0,83.0,1125,,3,0,0,,0,Massachusetts,1875,2,5,0,0,750,19.0
55.0,0.3,Bradford Ski Area,,Massachusetts,15.0,48.0,48.0,1.0,,1300,,0,0,0,,0,Massachusetts,1548,8,10,0,2,248,71.0
81.0,2.0,Jiminy Peak,104.0,Massachusetts,45.0,167.0,163.0,3.0,90.0,1230,121.0,1,0,1,120.0,2,Massachusetts,2380,2,9,0,3,1150,71.0
58.0,0.5,Nashoba Valley,52.0,Massachusetts,17.0,52.0,52.0,2.0,55.0,200,112.0,1,0,0,126.0,0,Massachusetts,440,7,11,0,3,240,55.0
40.0,1.0,Otis Ridge Ski Area,35.0,Massachusetts,11.0,60.0,55.0,1.0,70.0,1300,106.0,1,0,0,106.0,0,Massachusetts,1700,3,4,0,0,400,73.0
60.0,1.5,Ski Butternut,,Massachusetts,22.0,110.0,110.0,2.0,115.0,800,107.0,1,0,0,110.0,3,Massachusetts,1800,6,11,0,1,1000,56.0
71.0,1.5,Wachusett Mountain Ski Area,104.0,Massachusetts,27.0,112.0,112.0,2.0,100.0,1006,,0,3,0,120.0,0,Massachusetts,2006,4,8,0,1,1000,57.0
47.0,0.2,Alpine Valley Ski Area,100.0,Michigan,25.0,100.0,100.0,3.0,20.0,126,,5,0,0,,1,Michigan,500,6,14,0,2,240,57.0
35.0,,Apple Mountain,80.0,Michigan,12.0,80.0,42.0,,52.0,600,,0,0,0,,1,Michigan,820,5,6,0,0,220,58.0
69.0,1.0,Big Powderhorn Mountain,,Michigan,45.0,253.0,228.0,2.0,214.0,1200,100.0,9,0,0,108.0,0,Michigan,1800,1,10,0,0,600,55.0
48.0,0.2,Bittersweet Ski Area,100.0,Michigan,20.0,100.0,100.0,2.0,90.0,450,80.0,0,0,0,,1,Michigan,850,4,12,0,7,350,36.0
65.0,1.0,Big Snow Resort - Blackjack,,Michigan,26.0,170.0,86.0,2.0,210.0,385,95.0,4,0,0,115.0,0,Michigan,850,2,6,0,0,465,42.0
98.0,1.2,Boyne Highlands,150.0,Michigan,55.0,435.0,400.0,4.0,140.0,745,97.0,0,1,0,120.0,3,Michigan,1290,2,10,0,4,552,56.0
49.0,1.2,Caberfae Peaks,150.0,Michigan,34.0,200.0,200.0,2.0,140.0,1060,118.0,1,0,0,130.0,1,Michigan,1569,1,5,0,2,485,82.0
37.0,0.1,Cannonsburg,,Michigan,21.0,100.0,,5.0,100.0,850,100.0,1,0,0,100.0,1,Michigan,1100,7,10,0,1,250,54.0
64.0,0.3,Crystal Mountain,56.0,Michigan,58.0,102.0,96.0,3.0,132.0,757,120.0,0,1,0,135.0,3,Michigan,1132,2,8,0,2,375,63.0
49.0,1.0,Big Snow Resort - Indianhead Mountain,,Michigan,32.0,240.0,150.0,2.0,204.0,1297,120.0,5,0,0,120.0,1,Michigan,1935,2,9,0,1,638,60.0
49.0,0.8,Mont Ripley,100.0,Michigan,25.0,112.0,112.0,2.0,275.0,700,114.0,2,0,0,100.0,0,Michigan,1140,2,4,0,0,440,83.0
68.0,2.3,Mount Bohemia,,Michigan,,585.0,,,273.0,600,83.0,1,0,0,100.0,0,Michigan,1500,0,2,0,1,900,19.0
59.0,0.1,Mt. Brighton,130.0,Michigan,25.0,130.0,130.0,5.0,60.0,1100,111.0,0,0,0,100.0,2,Michigan,1330,8,13,0,3,230,59.0
34.0,0.1,Mt. Holiday Ski Area,45.0,Michigan,12.0,45.0,45.0,,120.0,240,100.0,2,0,0,90.0,0,Michigan,440,2,4,0,0,200,70.0
45.0,0.1,Mount Holly,100.0,Michigan,19.0,100.0,100.0,,42.0,755,,1,1,0,102.0,2,Michigan,1105,6,13,0,3,350,63.0
20.0,0.2,Mulligan's Hollow Ski Bowl,10.0,Michigan,6.0,10.0,10.0,,60.0,570,,0,0,0,,0,Michigan,700,5,5,0,0,130,19.0
45.0,1.4,Norway Mountain,40.0,Michigan,17.0,186.0,186.0,1.0,100.0,835,110.0,2,0,0,110.0,0,Michigan,1335,3,6,0,1,500,45.0
85.0,0.9,Nubs Nob Ski Area,160.0,Michigan,53.0,248.0,248.0,3.0,135.0,911,133.0,2,0,0,130.0,3,Michigan,1338,1,10,0,4,427,61.0
45.0,0.5,Pine Mountain,80.0,Michigan,28.0,160.0,160.0,1.0,60.0,1150,110.0,2,0,0,126.0,0,Michigan,1650,1,4,0,1,500,80.0
78.0,1.0,Schuss Mountain at Shanty Creek,70.0,Michigan,42.0,70.0,70.0,3.0,160.0,675,94.0,0,0,0,111.0,5,Michigan,1125,3,8,0,0,450,57.0
49.0,1.0,Ski Brule,40.0,Michigan,17.0,150.0,150.0,3.0,150.0,1360,164.0,5,0,0,165.0,0,Michigan,1860,7,12,0,0,500,62.0
35.0,0.0,Snow Snake Mountain Ski Area,40.0,Michigan,12.0,40.0,40.0,2.0,,1020,,0,0,0,,0,Michigan,1230,5,6,0,1,210,72.0
42.0,0.1,Swiss Valley,60.0,Michigan,11.0,60.0,60.0,2.0,60.0,975,89.0,0,0,0,80.0,2,Michigan,1200,4,7,0,1,225,51.0
50.0,0.2,The Homestead,16.0,Michigan,15.0,16.0,16.0,1.0,150.0,580,47.0,1,0,0,42.0,0,Michigan,900,2,5,0,2,320,34.0
45.0,0.3,Timber Ridge,50.0,Michigan,16.0,50.0,50.0,2.0,,600,80.0,2,0,0,,1,Michigan,850,4,8,0,1,250,58.0
60.0,0.5,Afton Alps,250.0,Minnesota,48.0,250.0,250.0,5.0,60.0,1180,135.0,14,0,0,135.0,1,Minnesota,1530,4,22,0,3,350,56.0
45.0,0.2,Andes Tower Hills Ski Area,35.0,Minnesota,15.0,35.0,35.0,2.0,55.0,1330,100.0,0,0,0,110.0,1,Minnesota,1620,3,6,0,2,290,38.0
47.0,0.2,Buck Hill,45.0,Minnesota,16.0,45.0,45.0,,60.0,919,115.0,0,0,0,112.0,2,Minnesota,1225,5,8,0,1,309,65.0
44.0,0.3,Buena Vista Ski Area,30.0,Minnesota,17.0,30.0,30.0,,78.0,1280,57.0,2,0,0,60.0,0,Minnesota,1510,2,6,0,2,230,70.0
37.0,1.0,Coffee Mill Ski & Snowboard Resort,35.0,Minnesota,14.0,40.0,35.0,1.0,48.0,725,57.0,2,0,0,56.0,0,Minnesota,1150,1,3,0,0,425,39.0
17.0,1.0,Elm Creek Winter Recreation Area,15.0,Minnesota,3.0,15.0,20.0,,45.0,868,105.0,0,0,0,102.0,0,Minnesota,928,3,3,0,0,60,13.0
58.0,0.8,Giants Ridge Resort,121.0,Minnesota,35.0,202.0,202.0,2.0,85.0,1472,120.0,2,1,0,125.0,1,Minnesota,1972,2,7,0,1,500,35.0
35.34,1.0,Hyland Ski & Snowboard Area,35.0,Minnesota,14.0,35.0,35.0,1.0,55.0,900,110.0,0,0,0,115.0,2,Minnesota,1075,5,8,0,1,175,61.0
84.0,2.0,Lutsen Mountains,,Minnesota,62.0,393.0,231.0,2.0,120.0,800,135.0,4,0,1,127.0,0,Minnesota,1688,1,8,1,1,825,71.0
46.0,1.0,Mount Kato Ski Area,50.0,Minnesota,19.0,55.0,55.0,4.0,50.0,300,115.0,3,0,0,120.0,5,Minnesota,540,2,10,0,0,240,43.0
48.0,,Powder Ridge Ski Area,60.0,Minnesota,15.0,60.0,60.0,4.0,45.0,500,97.0,2,0,0,113.0,1,Minnesota,790,3,6,0,0,300,58.0
59.0,1.0,Spirit Mountain,144.0,Minnesota,22.0,175.0,175.0,3.0,100.0,620,100.0,1,1,0,125.0,1,Minnesota,1320,2,7,0,2,700,45.0
60.0,0.8,Welch Village,100.0,Minnesota,50.0,125.0,125.0,1.0,45.0,700,114.0,4,0,0,122.0,3,Minnesota,1060,2,10,0,1,360,54.0
55.0,0.9,Wild Mountain Ski & Snowboard Area,100.0,Minnesota,26.0,100.0,100.0,4.0,50.0,813,130.0,0,0,0,140.0,4,Minnesota,1113,4,8,0,0,300,47.0
49.0,0.1,Hidden Valley Ski Area,17.0,Missouri,17.0,30.0,30.0,,26.0,2316,,0,0,0,,2,Missouri,2566,3,7,0,2,310,37.0
47.0,0.3,Snow Creek,30.0,Missouri,14.0,30.0,30.0,2.0,20.0,800,69.0,1,0,0,85.0,0,Missouri,1100,2,5,0,2,300,33.0
42.0,0.7,Blacktail Mountain Ski Area,,Montana,27.0,1000.0,,,250.0,5236,,2,0,0,,0,Montana,6676,1,4,0,1,1440,21.0
63.0,1.5,Bridger Bowl,,Montana,105.0,2000.0,100.0,2.0,350.0,6100,122.0,1,0,0,133.0,1,Montana,8700,3,11,0,6,2600,64.0
49.0,1.5,Discovery Ski Area,,Montana,74.0,2400.0,25.0,1.0,225.0,5770,116.0,2,0,0,116.0,0,Montana,8150,1,8,0,5,2380,46.0
48.0,3.0,Great Divide,100.0,Montana,110.0,1600.0,150.0,6.0,180.0,5750,94.0,5,0,0,100.0,0,Montana,7330,1,6,0,0,1580,78.0
46.0,2.5,Lost Trail - Powder Mtn,,Montana,69.0,1800.0,,2.0,325.0,6400,84.0,5,0,0,80.0,0,Montana,8200,3,8,0,0,1800,81.0
39.0,1.3,Maverick Mountain,,Montana,22.0,255.0,,,160.0,6500,,1,0,0,,0,Montana,8520,1,2,0,0,2020,83.0
50.0,1.2,Montana Snowbowl,10.0,Montana,37.0,950.0,20.0,,300.0,5000,,2,0,0,,0,Montana,7600,2,4,0,0,2600,58.0
67.0,2.5,Red Lodge Mountain,,Montana,70.0,1635.0,496.0,2.0,250.0,7016,142.0,3,2,0,136.0,0,Montana,9416,1,7,0,1,2400,59.0
47.0,1.8,Showdown Montana,,Montana,36.0,640.0,,1.0,250.0,6800,86.0,2,0,0,85.0,0,Montana,8200,1,4,0,1,1400,83.0
39.0,3.0,Teton Pass Ski Resort,,Montana,43.0,330.0,,1.0,250.0,6190,40.0,1,0,0,150.0,0,Montana,7200,2,3,0,0,1010,54.0
81.0,3.3,Big Mountain Resort,600.0,Montana,105.0,3000.0,600.0,4.0,333.0,4464,123.0,0,3,0,123.0,2,Montana,6817,3,14,0,6,2353,72.0
99.0,2.5,Diamond Peak,,Sierra Nevada,30.0,655.0,492.0,3.0,300.0,6700,100.0,3,1,0,122.0,2,Nevada,8540,1,7,0,0,1840,53.0
20.0,1.0,Elko SnoBowl,,Nevada,10.0,60.0,2.0,,24.0,6300,19.0,1,0,0,30.0,0,Nevada,7000,1,2,0,0,700,23.0
70.0,0.3,Lee Canyon,,Nevada,24.0,195.0,50.0,1.0,161.0,8510,144.0,0,0,0,150.0,2,Nevada,11289,0,3,0,1,860,56.0
135.0,2.5,Mt. Rose - Ski Tahoe,,Sierra Nevada,65.0,1200.0,330.0,5.0,350.0,8260,152.0,0,0,2,150.0,2,Nevada,9700,2,8,0,2,1800,55.0
89.0,3.0,Attitash,,New Hampshire,68.0,311.0,240.0,3.0,120.0,600,115.0,2,2,0,130.0,1,New Hampshire,2350,1,9,0,3,1750,54.0
59.0,1.6,Black Mountain,,New Hampshire,45.0,143.0,120.0,,125.0,1250,110.0,1,0,0,107.0,0,New Hampshire,2350,3,5,0,1,1100,84.0
99.0,2.0,Bretton Woods,45.0,New Hampshire,63.0,464.0,427.0,2.0,200.0,1600,180.0,0,4,0,180.0,1,New Hampshire,3100,3,9,0,1,1500,46.0
79.0,2.3,Cannon Mountain,,New Hampshire,97.0,285.0,192.0,3.0,160.0,1900,124.0,1,1,0,143.0,2,New Hampshire,4080,3,11,1,3,2180,81.0
69.0,1.2,Crotched Mountain,100.0,New Hampshire,25.0,100.0,100.0,3.0,105.0,1050,105.0,1,1,0,100.0,1,New Hampshire,2066,1,5,0,1,1016,16.0
50.0,1.1,Dartmouth Skiway,,New Hampshire,28.0,107.0,54.0,1.0,100.0,974,104.0,1,0,0,105.0,1,New Hampshire,1943,2,4,0,0,969,63.0
92.0,1.5,Gunstock,60.0,New Hampshire,55.0,227.0,176.0,4.0,120.0,900,106.0,0,1,0,,2,New Hampshire,2300,1,6,0,2,1400,82.0
58.0,0.3,King Pine,23.0,New Hampshire,17.0,48.0,45.0,2.0,120.0,500,105.0,0,0,0,107.0,0,New Hampshire,850,3,6,0,3,350,57.0
93.0,0.8,Mount Sunapee,,New Hampshire,66.0,232.0,215.0,4.0,100.0,1233,130.0,1,2,0,136.0,1,New Hampshire,2743,4,10,0,2,1510,71.0
72.0,1.5,Pats Peak,93.0,New Hampshire,28.0,115.0,115.0,3.0,100.0,690,109.0,2,0,0,112.0,0,New Hampshire,1460,5,11,0,4,770,56.0
84.0,0.7,Ragged Mountain Resort,,New Hampshire,57.0,250.0,200.0,3.0,100.0,1000,,0,1,1,140.0,0,New Hampshire,2250,3,6,0,1,1250,54.0
93.0,1.9,Waterville Valley,,New Hampshire,62.0,265.0,220.0,4.0,148.0,1984,142.0,3,2,0,142.0,0,New Hampshire,4004,4,11,0,2,2020,54.0
45.0,1.0,Whaleback Mountain,55.0,New Hampshire,30.0,85.0,60.0,1.0,110.0,1100,105.0,1,0,0,105.0,0,New Hampshire,1800,3,4,0,0,700,64.0
89.0,2.8,Wildcat Mountain,,New Hampshire,48.0,225.0,200.0,,200.0,1950,156.0,0,1,0,150.0,0,New Hampshire,4062,1,5,0,3,2112,61.0
79.99,2.0,Mountain Creek Resort,167.0,New Jersey,46.0,167.0,167.0,3.0,65.0,440,90.0,1,2,0,100.0,2,New Jersey,1480,3,10,1,1,1040,54.0
77.0,3.0,Angel Fire Resort,50.0,New Mexico,81.0,560.0,230.0,3.0,210.0,8600,101.0,3,2,0,101.0,0,New Mexico,10677,2,7,0,0,2077,53.0
20.0,2.5,Enchanted Forest Ski Area,,New Mexico,33.0,600.0,,,240.0,9820,130.0,0,0,0,140.0,0,New Mexico,10078,0,0,0,0,400,34.0
49.0,0.6,Pajarito Mountain Ski Area,,New Mexico,45.0,750.0,35.0,2.0,163.0,9031,89.0,3,0,0,117.0,1,New Mexico,10441,1,6,0,1,1410,62.0
79.0,2.5,Red River,,New Mexico,63.0,209.0,,3.0,214.0,8750,110.0,1,0,0,,1,New Mexico,10350,2,7,0,3,1600,60.0
55.0,2.0,Sandia Peak,,New Mexico,39.0,200.0,30.0,1.0,100.0,8678,32.0,4,0,0,38.0,0,New Mexico,10378,1,5,0,0,1700,82.0
47.0,0.5,Sipapu Ski Resort,,New Mexico,42.0,200.0,140.0,4.0,190.0,8200,127.0,0,0,0,143.0,1,New Mexico,9255,3,6,0,2,1055,67.0
74.0,2.0,Ski Apache,,New Mexico,55.0,750.0,270.0,3.0,185.0,9600,133.0,0,0,0,124.0,2,New Mexico,11500,2,11,1,6,1900,58.0
80.0,3.0,Ski Santa Fe,,New Mexico,83.0,660.0,275.0,1.0,225.0,10350,107.0,2,0,0,130.0,1,New Mexico,12075,2,7,0,2,1725,73.0
110.0,5.0,Taos Ski Valley,,New Mexico,111.0,1294.0,647.0,1.0,300.0,9200,137.0,1,1,0,136.0,3,New Mexico,12481,4,14,1,4,3281,64.0
72.0,2.2,Belleayre,,New York,50.0,175.0,168.0,2.0,130.0,2025,154.0,2,1,0,150.0,1,New York,3429,2,8,1,1,1404,70.0
32.0,0.1,Brantling Ski Slopes,,New York,10.0,20.0,16.0,,110.0,600,,0,0,0,,0,New York,850,5,5,0,0,250,19.0
76.0,2.0,Bristol Mountain,154.0,New York,34.0,160.0,148.0,3.0,60.0,1000,129.0,1,2,0,129.0,1,New York,2200,1,6,0,1,1200,55.0
50.0,,Buffalo Ski Club Ski Area,100.0,New York,43.0,225.0,150.0,1.0,,2025,,2,0,0,,0,New York,3429,4,6,0,0,500,12.0
69.0,2.0,Catamount,55.0,New York,36.0,133.0,130.0,5.0,108.0,1000,100.0,2,0,0,90.0,1,New York,2000,3,7,0,1,1000,80.0
35.0,0.2,Dry Hill Ski Area,26.0,New York,7.0,35.0,26.0,1.0,125.0,650,,1,0,0,,0,New York,950,2,3,0,0,300,55.0
88.0,4.5,Gore Mountain,15.0,New York,110.0,439.0,338.0,7.0,150.0,998,142.0,2,2,0,,2,New York,3600,4,14,1,3,2537,55.0
63.2,1.5,Greek Peak,175.0,New York,56.0,220.0,184.0,4.0,122.0,1148,110.0,4,0,0,113.0,1,New York,2100,2,8,0,1,952,62.0
42.0,0.4,Holiday Mountain,37.0,New York,9.0,37.0,37.0,,50.0,1150,75.0,1,0,0,85.0,1,New York,1550,2,4,0,0,400,60.0
78.0,1.0,Holiday Valley,189.0,New York,60.0,290.0,266.0,5.0,180.0,1500,116.0,0,3,0,129.0,8,New York,2250,2,13,0,0,750,62.0
75.0,1.5,Holimont Ski Area,,New York,53.0,135.0,135.0,3.0,180.0,1560,110.0,3,1,0,119.0,1,New York,2260,1,8,0,2,700,57.0
58.0,1.0,Hunt Hollow Ski Club,400.0,New York,19.0,400.0,400.0,1.0,130.0,1000,,1,0,0,75.0,0,New York,2030,1,3,0,1,825,52.0
89.0,2.0,Hunter Mountain,,New York,67.0,320.0,320.0,4.0,120.0,1600,148.0,2,1,2,155.0,2,New York,3200,4,13,0,2,1600,59.0
60.0,0.5,Kissing Bridge,650.0,New York,39.0,700.0,550.0,5.0,120.0,1150,103.0,4,0,0,100.0,2,New York,1700,3,10,0,1,550,59.0
59.0,1.0,Labrador Mt.,180.0,New York,23.0,250.0,237.0,1.0,125.0,1125,,2,0,0,100.0,0,New York,1825,1,4,0,1,700,62.0
38.0,0.3,Maple Ski Ridge,20.0,New York,10.0,25.0,25.0,,,750,,1,0,0,,0,New York,1200,1,3,0,1,450,57.0
30.0,0.3,McCauley Mountain Ski Center,,New York,23.0,70.0,55.0,1.0,200.0,1563,105.0,1,0,0,105.0,0,New York,2250,4,5,0,0,633,61.0
54.0,1.0,Mount Peter Ski Area,69.0,New York,14.0,69.0,69.0,1.0,50.0,750,100.0,2,0,0,100.0,1,New York,1250,2,5,0,0,450,83.0
40.0,1.2,Oak Mountain,12.0,New York,22.0,46.0,18.0,1.0,120.0,1750,,0,0,0,,1,New York,2400,3,4,0,0,650,71.0
63.0,2.4,Peek'n Peak,110.0,New York,27.0,110.0,110.0,4.0,225.0,1400,110.0,0,0,0,,0,New York,1800,2,10,0,8,400,55.0
67.0,2.0,Plattekill Mountain,,New York,38.0,110.0,75.0,1.0,175.0,2400,65.0,1,0,0,65.0,0,New York,3500,2,4,0,1,1100,26.0
45.0,0.3,Royal Mountain Ski Area,,New York,14.0,35.0,28.0,,90.0,1250,,3,0,0,,0,New York,1800,0,3,0,0,550,63.0
48.0,0.8,Snow Ridge,40.0,New York,21.0,130.0,65.0,2.0,230.0,1350,73.0,4,0,0,100.0,0,New York,2000,2,6,0,0,650,74.0
59.0,0.4,Song Mountain,70.0,New York,24.0,93.0,70.0,,125.0,1240,90.0,1,0,0,122.0,0,New York,1940,3,5,0,1,700,55.0
59.0,1.0,Swain,80.0,New York,35.0,130.0,90.0,3.0,120.0,1320,102.0,1,0,0,100.0,3,New York,1970,1,5,0,0,650,72.0
57.0,0.4,Thunder Ridge,100.0,New York,30.0,100.0,100.0,,,770,121.0,2,0,0,121.0,0,New York,1270,3,6,0,1,500,60.0
49.0,2.0,Titus Mountain,70.0,New York,50.0,200.0,150.0,3.0,150.0,825,101.0,6,0,0,100.0,0,New York,2025,2,10,0,2,1200,59.0
55.0,0.4,Toggenburg Mountain,73.0,New York,22.0,85.0,,2.0,130.0,1300,,1,0,0,122.0,0,New York,2000,3,5,0,1,700,66.0
59.0,0.6,West Mountain,105.0,New York,29.0,124.0,105.0,1.0,80.0,460,,2,0,0,120.0,0,New York,1470,2,5,0,1,1010,58.0
96.0,2.1,Whiteface Mountain Resort,,New York,86.0,288.0,220.0,5.0,168.0,1220,122.0,5,1,0,141.0,1,New York,4650,2,12,1,2,3430,61.0
46.0,0.4,Willard Mountain,35.0,New York,16.0,50.0,35.0,,80.0,910,85.0,2,0,0,120.0,0,New York,1415,3,5,0,0,505,19.0
95.0,2.0,Windham Mountain,56.0,New York,54.0,285.0,280.0,6.0,105.0,1500,123.0,1,2,1,130.0,0,New York,3100,5,12,0,3,1600,59.0
39.0,0.3,Woods Valley Ski Area,15.0,New York,21.0,25.0,16.0,,180.0,900,,2,0,0,,0,New York,1400,4,6,0,0,500,55.0
64.0,0.5,Appalachian Ski Mountain,27.0,North Carolina,12.0,27.0,27.0,3.0,50.0,3635,100.0,1,0,0,100.0,2,North Carolina,4000,2,5,0,0,365,57.0
70.0,1.0,Cataloochee Ski Area,50.0,North Carolina,18.0,50.0,50.0,2.0,50.0,4660,141.0,1,0,0,108.0,1,North Carolina,5400,2,5,0,1,740,58.0
43.0,1.0,Sapphire Valley,8.0,North Carolina,,8.0,8.0,1.0,24.0,3200,53.0,0,0,0,60.0,1,North Carolina,3450,2,3,0,0,200,55.0
68.0,1.0,Beech Mountain Resort,95.0,North Carolina,17.0,95.0,95.0,1.0,31.0,4675,98.0,3,0,0,,3,North Carolina,5506,2,8,0,0,830,52.0
75.0,1.5,Sugar Mountain Resort,95.0,North Carolina,21.0,125.0,125.0,1.0,77.0,4100,114.0,4,0,1,120.0,0,North Carolina,5300,2,8,0,1,1200,50.0
65.0,0.6,Wolf Ridge Ski Resort,60.0,North Carolina,15.0,65.0,65.0,1.0,65.0,4000,,1,0,0,100.0,1,North Carolina,4700,2,4,0,0,720,49.0
43.0,0.2,Alpine Valley,72.0,Ohio,11.0,72.0,72.0,1.0,120.0,1260,105.0,1,0,0,,1,Ohio,1500,1,5,0,2,230,53.0
44.0,0.3,Boston Mills,40.0,Ohio,7.0,40.0,40.0,2.0,51.0,631,92.0,2,0,0,110.0,0,Ohio,871,2,8,0,4,264,56.0
44.0,0.3,Brandywine,85.0,Ohio,11.0,85.0,85.0,2.0,51.0,631,92.0,2,0,0,110.0,2,Ohio,871,5,16,0,7,240,56.0
44.0,0.5,Mad River Mountain,144.0,Ohio,20.0,144.0,144.0,4.0,36.0,1160,99.0,3,0,0,90.0,1,Ohio,1460,6,12,0,2,300,57.0
52.0,0.2,Snow Trails,80.0,Ohio,17.0,80.0,80.0,3.0,50.0,1174,101.0,2,0,0,70.0,0,Ohio,1475,3,9,0,4,301,58.0
40.0,1.5,Anthony Lakes Mountain Resort,,Oregon,21.0,1100.0,,2.0,300.0,7100,75.0,0,0,0,80.0,0,Oregon,8000,2,3,0,1,900,56.0
39.0,0.1,Cooper Spur,,Mt. Hood,10.0,50.0,,,100.0,3500,78.0,1,0,0,90.0,0,Oregon,4000,1,2,0,0,350,66.0
59.0,0.4,Hoodoo Ski Area,200.0,Oregon,34.0,806.0,,,350.0,4668,80.0,1,0,0,108.0,3,Oregon,5703,0,5,0,1,1035,81.0
52.0,1.0,Mt. Ashland,40.0,Oregon,23.0,220.0,,2.0,300.0,6383,94.0,2,0,0,92.0,0,Oregon,7533,1,5,0,2,1150,55.0
99.0,4.0,Mt. Bachelor,,Oregon,101.0,4318.0,20.0,5.0,462.0,5700,185.0,0,8,0,185.0,0,Oregon,9065,0,11,0,3,3365,61.0
70.0,3.0,Mt. Hood Skibowl,317.0,Mt. Hood,65.0,960.0,29.0,2.0,300.0,3600,125.0,4,0,0,144.0,0,Oregon,5100,5,9,0,0,1500,82.0
60.0,2.1,Willamette Pass,,Oregon,29.0,555.0,60.0,,430.0,5120,3.0,0,0,1,100.0,0,Oregon,6683,1,5,0,3,1563,78.0
60.0,1.0,Bear Creek Mountain Resort,86.0,Pennsylvania,23.0,86.0,86.0,3.0,30.0,600,91.0,0,0,0,90.0,3,Pennsylvania,1100,2,6,0,1,510,52.0
62.0,1.5,Ski Big Bear,26.0,Pennsylvania,18.0,26.0,26.0,1.0,69.0,600,75.0,4,0,0,75.0,0,Pennsylvania,1250,2,6,0,0,650,43.0
65.0,,Big Boulder,55.0,Pennsylvania,16.0,55.0,55.0,8.0,50.0,1700,76.0,5,0,0,95.0,0,Pennsylvania,2175,1,8,0,2,600,72.0
68.0,2.0,Blue Knob,42.0,Pennsylvania,34.0,100.0,84.0,1.0,120.0,2074,87.0,2,0,0,105.0,0,Pennsylvania,3146,2,6,0,2,1072,56.0
65.0,1.2,Blue Mountain Resort,164.0,Pennsylvania,39.0,164.0,164.0,5.0,33.0,460,122.0,3,1,1,112.0,1,Pennsylvania,1600,9,16,0,1,1082,42.0
70.0,1.0,Camelback Mountain Resort,160.0,Pennsylvania,37.0,166.0,166.0,5.0,50.0,1250,100.0,5,2,0,100.0,0,Pennsylvania,2100,6,16,0,3,800,56.0
69.0,0.7,Elk Mountain Ski Resort,90.0,Pennsylvania,27.0,180.0,146.0,2.0,60.0,1693,,5,0,0,100.0,1,Pennsylvania,2693,1,7,0,0,1000,60.0
65.0,1.0,Jack Frost,,Pennsylvania,20.0,100.0,100.0,1.0,50.0,1400,96.0,5,0,0,105.0,1,Pennsylvania,2000,1,9,0,2,600,47.0
77.0,1.0,Liberty,100.0,Pennsylvania,16.0,100.0,100.0,3.0,31.0,570,107.0,0,0,0,97.0,5,Pennsylvania,1190,3,8,0,0,620,54.0
33.0,0.5,Mount Pleasant of Edinboro,35.0,Pennsylvania,10.0,40.0,35.0,,100.0,1200,75.0,0,0,0,90.0,0,Pennsylvania,1540,1,2,0,1,340,48.0
73.0,0.4,Roundtop Mountain Resort,100.0,Pennsylvania,20.0,103.0,103.0,2.0,30.0,800,,0,0,0,,3,Pennsylvania,1400,3,8,0,2,600,55.0
87.0,1.2,Seven Springs,200.0,Pennsylvania,33.0,285.0,285.0,7.0,135.0,2240,99.0,0,0,2,115.0,3,Pennsylvania,2994,4,14,0,5,750,87.0
65.0,1.6,Shawnee Mountain Ski Area,120.0,Pennsylvania,23.0,125.0,125.0,2.0,50.0,650,100.0,4,1,0,122.0,1,Pennsylvania,1350,4,10,0,0,700,44.0
44.0,0.1,Ski Sawmill,15.0,Pennsylvania,14.0,15.0,13.0,1.0,24.0,1700,,1,0,0,90.0,0,Pennsylvania,2215,3,5,0,1,515,50.0
45.0,0.3,Tussey Mountain,30.0,Pennsylvania,8.0,38.0,30.0,1.0,41.0,1230,100.0,1,0,0,100.0,1,Pennsylvania,1750,3,5,0,0,520,39.0
71.0,1.0,Whitetail Resort,120.0,Pennsylvania,23.0,120.0,120.0,2.0,40.0,865,116.0,2,1,0,100.0,3,Pennsylvania,1800,2,8,0,0,935,28.0
45.0,1.6,Deer Mountain Ski Resort,,South Dakota,63.0,500.0,50.0,2.0,200.0,6040,69.0,1,0,0,81.0,0,South Dakota,6850,2,4,0,1,940,51.0
58.0,1.2,Terry Peak Ski Area,,South Dakota,30.0,450.0,225.0,1.0,150.0,5900,114.0,0,3,0,120.0,0,South Dakota,7100,1,5,0,1,1100,65.0
65.0,1.0,Ober Gatlinburg Ski Resort,,Tennessee,10.0,,,1.0,35.0,2700,83.0,1,0,0,94.0,2,Tennessee,3300,1,4,0,0,600,44.0
116.0,1.3,Alta Ski Area,,Salt Lake City,116.0,2614.0,140.0,,545.0,8530,150.0,2,3,0,140.0,0,Utah,11068,0,6,0,1,2538,81.0
50.0,0.8,Beaver Mountain,,Utah,48.0,464.0,,2.0,400.0,7232,120.0,3,0,0,120.0,0,Utah,8600,1,5,0,1,1600,81.0
59.0,0.6,Brian Head Resort,,Utah,71.0,650.0,216.0,2.0,360.0,9600,149.0,1,1,0,148.0,0,Utah,10970,0,8,0,6,1548,54.0
85.0,1.2,Brighton Resort,200.0,Salt Lake City,66.0,1050.0,200.0,4.0,500.0,8755,138.0,0,3,0,138.0,1,Utah,10500,2,7,0,1,1745,83.0
169.0,2.8,Deer Valley Resort,,Salt Lake City,103.0,2026.0,660.0,,300.0,6570,,2,13,0,,0,Utah,9570,0,21,1,5,3000,39.0
60.0,0.9,Eagle Point,,Utah,40.0,650.0,,1.0,400.0,9100,,2,0,0,109.0,1,Utah,10600,1,5,0,1,1500,9.0
88.0,3.5,Powder Mountain,300.0,Utah,167.0,8464.0,,2.0,500.0,6900,120.0,0,1,0,146.0,4,Utah,9422,3,9,0,1,2522,47.0
115.0,3.5,Snowbasin,,Utah,107.0,3000.0,625.0,4.0,300.0,6450,143.0,0,2,1,138.0,0,Utah,9350,2,11,3,3,2900,79.0
125.0,2.5,Snowbird,2.0,Salt Lake City,170.0,2500.0,,1.0,500.0,7760,188.0,4,6,0,180.0,0,Utah,11000,3,14,1,0,3240,48.0
119.0,3.0,Solitude Mountain Resort,,Salt Lake City,80.0,1200.0,150.0,,500.0,7994,161.0,1,4,0,148.0,2,Utah,10488,1,9,0,1,2494,62.0
80.0,0.6,Sundance,,Utah,45.0,450.0,112.0,1.0,320.0,6100,128.0,0,0,0,129.0,2,Utah,8250,1,5,0,2,2150,50.0
50.0,0.4,Nordic Valley Resort,140.0,Utah,23.0,140.0,84.0,1.0,300.0,5440,105.0,2,0,0,105.0,0,Utah,6400,2,4,0,0,960,51.0
79.0,0.6,Bolton Valley,50.0,Vermont,71.0,300.0,90.0,3.0,300.0,1446,133.0,3,0,0,132.0,2,Vermont,3150,1,6,0,0,1704,53.0
91.0,2.5,Bromley Mountain,,Vermont,47.0,178.0,153.0,1.0,168.0,1950,,4,1,0,152.0,1,Vermont,3284,3,9,0,0,1334,83.0
73.0,2.2,Burke Mountain,,Vermont,50.0,178.0,125.0,3.0,217.0,1210,110.0,0,2,0,125.0,1,Vermont,3267,3,6,0,0,2011,62.0
89.0,3.0,Jay Peak,,Vermont,79.0,385.0,300.0,2.0,349.0,1815,155.0,1,1,0,160.0,3,Vermont,3968,2,9,1,1,2153,64.0
119.0,6.0,Killington Resort,,Vermont,155.0,1515.0,600.0,6.0,250.0,1165,192.0,1,5,1,,4,Vermont,4241,5,22,3,3,3050,61.0
74.0,1.6,Magic Mountain,,Vermont,50.0,205.0,95.0,1.0,150.0,1350,76.0,3,0,0,80.0,0,Vermont,2850,3,6,0,0,1500,59.0
81.0,4.0,Pico Mountain,,Vermont,59.0,260.0,156.0,1.0,250.0,2000,,2,2,0,,0,Vermont,3967,1,7,0,2,1967,82.0
79.0,3.0,Smugglers' Notch Resort,,Vermont,78.0,1000.0,192.0,6.0,280.0,1030,136.0,6,0,0,135.0,0,Vermont,3640,2,8,0,0,2610,63.0
119.0,3.0,Sugarbush,,Vermont,111.0,581.0,406.0,4.0,250.0,1483,150.0,1,5,0,156.0,5,Vermont,4083,3,16,0,2,2600,61.0
75.0,0.4,Suicide Six,,Vermont,24.0,100.0,50.0,,90.0,550,100.0,2,0,0,106.0,0,Vermont,1200,1,3,0,0,650,85.0
68.0,0.4,Bryce Resort,20.0,Virginia,8.0,25.0,25.0,,30.0,1250,100.0,1,0,0,95.0,1,Virginia,1750,5,7,0,0,500,54.0
62.0,2.0,49 Degrees North,250.0,Washington,89.0,2325.0,,1.0,301.0,3932,101.0,5,0,0,135.0,1,Washington,5774,1,7,0,0,1851,48.0
47.0,2.0,Bluewood,,Washington,24.0,355.0,,2.0,300.0,4545,70.0,0,0,0,110.0,0,Washington,5670,1,3,0,2,1125,40.0
99.0,2.5,Crystal Mountain,,Washington,57.0,2600.0,10.0,1.0,486.0,4400,,2,2,2,,1,Washington,7012,0,10,1,2,3100,57.0
60.01,0.7,Mt. Baker,,Washington,38.0,1000.0,,,663.0,3500,143.0,0,0,0,165.0,8,Washington,5000,2,10,0,0,1500,66.0
59.0,0.6,Mt. Spokane Ski and Snowboard Park,45.0,Washington,52.0,1704.0,,3.0,300.0,4200,100.0,5,0,0,103.0,0,Washington,5889,1,7,0,1,2000,81.0
95.0,0.8,The Summit at Snoqualmie,541.0,Washington,112.0,1994.0,5.0,5.0,428.0,2840,120.0,10,3,0,140.0,3,Washington,3865,7,27,0,4,1025,82.0
69.0,2.5,White Pass,90.0,Washington,45.0,1402.0,30.0,2.0,400.0,4500,148.0,2,2,0,144.0,1,Washington,6550,2,8,0,1,2050,67.0
68.0,1.2,Canaan Valley Resort,,West Virginia,47.0,95.0,75.0,1.0,160.0,3430,,0,0,0,93.0,1,West Virginia,4280,1,4,0,2,850,48.0
87.0,1.5,Snowshoe Mountain Resort,86.0,West Virginia,60.0,257.0,257.0,5.0,180.0,3348,125.0,0,3,0,138.0,2,West Virginia,4848,3,14,0,6,1500,46.0
92.0,2.0,Timberline Four Seasons,27.0,West Virginia,40.0,100.0,100.0,1.0,150.0,3268,97.0,1,0,0,115.0,0,West Virginia,4265,1,4,0,2,1000,37.0
72.0,1.2,Winterplace Ski Resort,74.0,West Virginia,27.0,90.0,90.0,2.0,100.0,2997,120.0,2,0,0,120.0,2,West Virginia,3600,2,9,0,3,603,36.0
65.0,0.2,Alpine Valley Resort,90.0,Wisconsin,21.0,90.0,90.0,3.0,80.0,820,100.0,1,3,0,120.0,0,Wisconsin,1040,5,12,0,3,388,55.0
25.0,0.5,Bruce Mound,30.0,Wisconsin,12.0,40.0,30.0,2.0,42.0,1000,42.0,0,0,0,42.0,0,Wisconsin,1375,4,5,0,1,375,71.0
64.0,1.1,Cascade Mountain,,Wisconsin,47.0,175.0,175.0,4.0,56.0,820,120.0,2,2,0,120.0,2,Wisconsin,1280,3,12,0,3,460,57.0
38.0,0.8,Christie Mountain,35.0,Wisconsin,30.0,45.0,41.0,4.0,48.0,1300,92.0,1,0,0,120.0,0,Wisconsin,1650,5,6,0,0,350,43.0
65.0,1.0,Devils Head,200.0,Wisconsin,27.0,260.0,260.0,1.0,45.0,495,110.0,6,0,0,135.0,3,Wisconsin,995,2,12,0,1,500,48.0
49.0,0.2,Grand Geneva,30.0,Wisconsin,20.0,30.0,30.0,1.0,25.0,875,90.0,3,0,0,93.0,0,Wisconsin,1086,3,6,0,0,211,25.0
92.0,0.6,Granite Peak Ski Area,200.0,Wisconsin,75.0,220.0,160.0,4.0,75.0,1242,136.0,0,2,1,135.0,0,Wisconsin,1942,2,7,0,2,700,82.0
56.0,0.4,Mount La Crosse,90.0,Wisconsin,19.0,100.0,100.0,1.0,40.0,594,115.0,3,0,0,100.0,0,Wisconsin,1110,1,4,0,0,516,60.0
47.0,1.0,Nordic Mountain,60.0,Wisconsin,18.0,60.0,60.0,4.0,80.0,872,68.0,1,0,0,90.0,0,Wisconsin,1137,5,7,0,1,265,43.0
44.0,0.5,Sunburst,37.0,Wisconsin,13.0,37.0,37.0,4.0,50.0,866,99.0,3,0,0,115.0,0,Wisconsin,1100,6,9,0,0,214,59.0
54.0,0.5,Trollhaugen,86.0,Wisconsin,24.0,86.0,86.0,4.0,50.0,920,130.0,1,0,0,120.0,2,Wisconsin,1200,5,8,0,0,260,69.0
48.0,0.5,Tyrol Basin,32.0,Wisconsin,18.0,32.0,32.0,5.0,41.0,860,112.0,0,0,0,103.0,0,Wisconsin,1160,2,5,0,3,300,61.0
60.0,1.0,Whitecap Mountain,,Wisconsin,43.0,400.0,300.0,1.0,200.0,1295,105.0,4,0,0,118.0,1,Wisconsin,1750,0,5,0,0,400,57.0
66.0,0.5,Wilmot Mountain,135.0,Wisconsin,23.0,135.0,135.0,2.0,70.0,800,125.0,2,0,0,139.0,3,Wisconsin,1030,3,10,0,2,230,81.0
90.0,2.7,Grand Targhee Resort,,Wyoming,95.0,2602.0,,1.0,500.0,7851,152.0,0,2,0,152.0,2,Wyoming,9920,1,5,0,0,2270,50.0
48.0,0.6,Hogadon Basin,,Wyoming,28.0,92.0,32.0,1.0,80.0,7400,121.0,1,0,0,95.0,0,Wyoming,8000,1,2,0,0,640,61.0
42.0,1.0,Sleeping Giant Ski Resort,,Wyoming,48.0,184.0,18.0,1.0,310.0,6619,61.0,1,0,0,77.0,0,Wyoming,7428,1,3,0,1,810,81.0
59.0,1.0,Snow King Resort,110.0,Wyoming,32.0,400.0,250.0,2.0,300.0,6237,121.0,1,0,0,123.0,1,Wyoming,7808,0,3,0,1,1571,80.0
49.0,0.7,Snowy Range Ski & Recreation Area,,Wyoming,33.0,75.0,30.0,2.0,250.0,8798,131.0,3,0,0,,0,Wyoming,9663,1,5,0,1,990,59.0
49.0,0.4,White Pine Ski Area,,Wyoming,25.0,370.0,,,150.0,8400,,0,0,0,,0,Wyoming,9500,0,2,0,2,1100,81.0
